id,title,album_id,order,song_url
1,Bruno Mars - Just the way your are,1,1,https://res.cloudinary.com/davidhu2000/video/upload/v1484782025/eileen_ho/cover_album/Bruno_Mars_-_Just_the_Way_You_Are_cover_by_-eileen.mp3
2,Eagle Eye Cherry - Save Tonight,1,2,https://res.cloudinary.com/davidhu2000/video/upload/v1484782025/eileen_ho/cover_album/Eagle_Eye_Cherry_-_Save_Tonight_cover_by_-eileen.mp3
3,Meghan Trainor - Credit,1,3,https://res.cloudinary.com/davidhu2000/video/upload/v1484781985/eileen_ho/cover_album/Meghan_Trainor_-_Credit_cover_by_-eileen.mp3
4,Pixie Lott - Mama Do,1,4,https://res.cloudinary.com/davidhu2000/video/upload/v1484782066/eileen_ho/cover_album/Pixie_Lott_-_Mama_Do_cover_by_-eileen.mp3
5,Shawn Mendes - Stitches,1,5,https://res.cloudinary.com/davidhu2000/video/upload/v1484782067/eileen_ho/cover_album/Shawn_Mendes_-_Stitches_cover_by_-eileen.mp3
6,Third Eye Blind - Jumper,1,6,https://res.cloudinary.com/davidhu2000/video/upload/v1484782008/eileen_ho/cover_album/Third_Eye_Blind_-_Jumper_cover_by_-eileen.mp3
7,First open mic night,2,1,https://res.cloudinary.com/davidhu2000/video/upload/v1484781234/eileen_ho/live_album/Eileen_s_first_open_mic.mp3
8,Live at Whiskey RRFC Aerosmith Cryin,2,2,https://res.cloudinary.com/davidhu2000/video/upload/v1484782500/eileen_ho/live_album/RRFC_Aerosmith_-_Cryin.mp3
9,Show at Whiskey Go Go,2,3,https://res.cloudinary.com/davidhu2000/video/upload/v1484782718/eileen_ho/live_album/RRFC_Show_at_Whiskey_a_Go_Go.mp3
10,Tell It To The Judge On Sunday/Lights Of Downtown,3,1,https://res.cloudinary.com/davidhu2000/video/upload/v1484893713/The%20Long%20Ryders/The_Long_Ryders_-_01_-_Tell_It_To_The_Judge_On_SundayLights_Of_Downtown.mp3
11,A Stitch In Time,3,2,https://res.cloudinary.com/davidhu2000/video/upload/v1484424709/The%20Long%20Ryders/The_Long_Ryders_-_02_-_A_Stitch_In_Time_qbfric.mp3
12,Gunslinger,3,3,https://res.cloudinary.com/davidhu2000/video/upload/v1484424550/The%20Long%20Ryders/The_Long_Ryders_-_03_-_Gunslinger_stksdp.mp3
13,I Don't Care What's Right,3,4,https://res.cloudinary.com/davidhu2000/video/upload/v1484424664/The%20Long%20Ryders/The_Long_Ryders_-_04_-_I_Dont_Care_Whats_Right_I_Dont_Care_Whats_Wrong_rsaheh.mp3
14,Wreck of the 809,3,5,https://res.cloudinary.com/davidhu2000/video/upload/v1484424609/The%20Long%20Ryders/The_Long_Ryders_-_05_-_Wreck_of_the_809_uosn4m.mp3
15,Run Dusty Run,3,6,https://res.cloudinary.com/davidhu2000/video/upload/v1484424451/The%20Long%20Ryders/The_Long_Ryders_-_06_-_Run_Dusty_Run_yfkfae.mp3
16,Ivory Tower,3,7,https://res.cloudinary.com/davidhu2000/video/upload/v1484425020/The%20Long%20Ryders/The_Long_Ryders_-_07_-_Ivory_Tower_zlwkve.mp3
17,Two Kinds of Love,3,8,https://res.cloudinary.com/davidhu2000/video/upload/v1484425058/The%20Long%20Ryders/The_Long_Ryders_-_08_-_Two_Kinds_of_Love_vx20zx.mp3
18, I Want You Bad,3,9,https://res.cloudinary.com/davidhu2000/video/upload/v1484424908/The%20Long%20Ryders/The_Long_Ryders_-_09_-_I_Want_You_Bad_getcy1.mp3
19,I Had A Dream,3,10,https://res.cloudinary.com/davidhu2000/video/upload/v1484425321/The%20Long%20Ryders/The_Long_Ryders_-_10_-_I_Had_A_Dream_mdu6ey.mp3
20,And She Rides,3,11,https://res.cloudinary.com/davidhu2000/video/upload/v1484425069/The%20Long%20Ryders/The_Long_Ryders_-_11_-_And_She_Rides_qfigwi.mp3
21,Final Wild Son,3,12,https://res.cloudinary.com/davidhu2000/video/upload/v1484425106/The%20Long%20Ryders/The_Long_Ryders_-_12_-_Final_Wild_Son_lgojli.mp3
22,Man Of Misery,3,13,https://res.cloudinary.com/davidhu2000/video/upload/v1484425352/The%20Long%20Ryders/The_Long_Ryders_-_13_-_Man_Of_Misery_c2oadx.mp3
23,You Can't Ride the Boxcars Anymore,3,14,https://res.cloudinary.com/davidhu2000/video/upload/v1484425328/The%20Long%20Ryders/The_Long_Ryders_-_14_-_You_Cant_Ride_the_Boxcars_Anymore_em86b3.mp3
24, Sweet Mental Revenge/State Of My Union,3,15,https://res.cloudinary.com/davidhu2000/video/upload/v1484425431/The%20Long%20Ryders/The_Long_Ryders_-_15_-_Sweet_Mental_RevengeState_Of_My_Union_cgdxmj.mp3
25, Looking for Lewis and Clark,3,16,https://res.cloudinary.com/davidhu2000/video/upload/v1484425291/The%20Long%20Ryders/The_Long_Ryders_-_16_-_Looking_for_Lewis_and_Clark_h1v7om.mp3
26,Aux puces No 1 - Les chaises Louis XVI,4,1,https://res.cloudinary.com/davidhu2000/video/upload/v1484604840/circus_marcus/aux_puces/Circus_Marcus_-_01_-_Aux_puces_No_1_-_Les_chaises_Louis_XVI.mp3
27,Aux puces No 2 - Carosello,4,2,https://res.cloudinary.com/davidhu2000/video/upload/v1484604874/circus_marcus/aux_puces/Circus_Marcus_-_02_-_Aux_puces_No_2_-_Carosello.mp3
28,Aux puces No 4 - Noctambule,4,3, http://res.cloudinary.com/davidhu2000/video/upload/v1484604922/circus_marcus/aux_puces/Circus_Marcus_-_04_-_Aux_puces_No_4_-_Noctambule.mp3
29,Aux puces No 5,4,4,https://res.cloudinary.com/davidhu2000/video/upload/v1484604868/circus_marcus/aux_puces/Circus_Marcus_-_05_-_Aux_puces_No_5.mp3
30,Aux puces No 6 - La Flor de Olmedo,4,5,https://res.cloudinary.com/davidhu2000/video/upload/v1484891439/circus_marcus/aux_puces/Circus_Marcus_-_06_-_Aux_puces_No_6_-_La_Flor_de_Olmedo.mp3
31,Aux puces No 7,4,6, http://res.cloudinary.com/davidhu2000/video/upload/v1484891439/circus_marcus/aux_puces/Circus_Marcus_-_07_-_Aux_puces_No_7.mp3
32,Aux puces No 9,4,7,https://res.cloudinary.com/davidhu2000/video/upload/v1484891438/circus_marcus/aux_puces/Circus_Marcus_-_09_-_Aux_puces_No_9.mp3
33,Aux puces No 10 - Allegro ma non troppo,4,8,https://res.cloudinary.com/davidhu2000/video/upload/v1484891438/circus_marcus/aux_puces/Circus_Marcus_-_10_-_Aux_puces_No_10_-_Allegro_ma_non_troppo.mp3
34,Aux puces No 11,4,9,https://res.cloudinary.com/davidhu2000/video/upload/v1484891438/circus_marcus/aux_puces/Circus_Marcus_-_11_-_Aux_puces_No_11.mp3
35,Aux puces No 12,4,10,https://res.cloudinary.com/davidhu2000/video/upload/v1484891438/circus_marcus/aux_puces/Circus_Marcus_-_12_-_Aux_puces_No_12.mp3
36,Aux puces No 13,4,11,https://res.cloudinary.com/davidhu2000/video/upload/v1484891440/circus_marcus/aux_puces/Circus_Marcus_-_13_-_Aux_puces_No_13.mp3
37,Aux puces No 10  - Allegro ma non trappo,4,12,https://res.cloudinary.com/davidhu2000/video/upload/v1484891439/circus_marcus/aux_puces/Circus_Marcus_-_99_-_Aux_puces_No_10_-_Allegro_ma_non_troppo_Versin_Semana_Santa.mp3
38,Phoenix,5,1,https://res.cloudinary.com/davidhu2000/video/upload/v1484604728/circus_marcus/petrified/Circus_Marcus_-_01_-_Phoenix.mp3
39,Petrified,5,2,https://res.cloudinary.com/davidhu2000/video/upload/v1484604681/circus_marcus/petrified/Circus_Marcus_-_02_-_Petrified.mp3
40,Runaway,5,3,https://res.cloudinary.com/davidhu2000/video/upload/v1484604686/circus_marcus/petrified/Circus_Marcus_-_03_-_Runaway.mp3
41,La brise,5,4,https://res.cloudinary.com/davidhu2000/video/upload/v1484604742/circus_marcus/petrified/Circus_Marcus_-_04_-_La_brise.mp3
42, La premiere page,6,1,https://res.cloudinary.com/davidhu2000/video/upload/v1484604989/circus_marcus/vous_ets_quelqun_de_terriblement_absent/Circus_Marcus_-_01_-_La_premire_page.mp3
43,Le reveil,6,2,https://res.cloudinary.com/davidhu2000/video/upload/v1484605025/circus_marcus/vous_ets_quelqun_de_terriblement_absent/Circus_Marcus_-_02_-_Le_rveil.mp3
44,La tapa del sabado,6,3,https://res.cloudinary.com/davidhu2000/video/upload/v1484605020/circus_marcus/vous_ets_quelqun_de_terriblement_absent/Circus_Marcus_-_03_-_La_tapa_del_sbado.mp3
45,Un triste soir d'ete en bord de lac,6,4,https://res.cloudinary.com/davidhu2000/video/upload/v1484605029/circus_marcus/vous_ets_quelqun_de_terriblement_absent/Circus_Marcus_-_04_-_Un_triste_soir_dt_en_bord_de_lac.mp3
46,La tragedie de la femme a poils,6,5,https://res.cloudinary.com/davidhu2000/video/upload/v1484605026/circus_marcus/vous_ets_quelqun_de_terriblement_absent/Circus_Marcus_-_05_-_La_tragdie_de_la_femme_a_poils.mp3
47,Les accouplements repetitifs,6,6,https://res.cloudinary.com/davidhu2000/video/upload/v1484895288/circus_marcus/vous_ets_quelqun_de_terriblement_absent/Circus_Marcus_-_06_-_Les_accouplements_rptitifs.mp3
48,La tapa del lunes,6,7,https://res.cloudinary.com/davidhu2000/video/upload/v1484895287/circus_marcus/vous_ets_quelqun_de_terriblement_absent/Circus_Marcus_-_07_-_La_tapa_del_lunes.mp3
49,Dix-neuf cent trente,6,8,https://res.cloudinary.com/davidhu2000/video/upload/v1484895288/circus_marcus/vous_ets_quelqun_de_terriblement_absent/Circus_Marcus_-_08_-_Dix-neuf_cent_trente.mp3
50,Le poids,6,9,https://res.cloudinary.com/davidhu2000/video/upload/v1484895289/circus_marcus/vous_ets_quelqun_de_terriblement_absent/Circus_Marcus_-_09_-_Le_poids.mp3
51,Ce caractere inhumain,6,10,https://res.cloudinary.com/davidhu2000/video/upload/v1484895288/circus_marcus/vous_ets_quelqun_de_terriblement_absent/Circus_Marcus_-_10_-_Ce_caractre_inhumain.mp3
52,La chambre,6,11,https://res.cloudinary.com/davidhu2000/video/upload/v1484895288/circus_marcus/vous_ets_quelqun_de_terriblement_absent/Circus_Marcus_-_11_-_La_chambre.mp3
53,Preface d'une journee ordinaire,6,12,https://res.cloudinary.com/davidhu2000/video/upload/v1484895289/circus_marcus/vous_ets_quelqun_de_terriblement_absent/Circus_Marcus_-_12_-_Prface_dune_journe_ordinaire.mp3
54,La tapa del miercoles,6,13,https://res.cloudinary.com/davidhu2000/video/upload/v1484895289/circus_marcus/vous_ets_quelqun_de_terriblement_absent/Circus_Marcus_-_13_-_La_tapa_del_mircoles.mp3
55,La rencontre,6,14,https://res.cloudinary.com/davidhu2000/video/upload/v1484895289/circus_marcus/vous_ets_quelqun_de_terriblement_absent/Circus_Marcus_-_14_-_La_rencontre.mp3
56,L'enclume,6,15,https://res.cloudinary.com/davidhu2000/video/upload/v1484895287/circus_marcus/vous_ets_quelqun_de_terriblement_absent/Circus_Marcus_-_15_-_Lenclume.mp3
57,Un menage volant,6,16,https://res.cloudinary.com/davidhu2000/video/upload/v1484895288/circus_marcus/vous_ets_quelqun_de_terriblement_absent/Circus_Marcus_-_16_-_Un_mnage_volant.mp3
58,La tapa del domingo,6,17,https://res.cloudinary.com/davidhu2000/video/upload/v1484895287/circus_marcus/vous_ets_quelqun_de_terriblement_absent/Circus_Marcus_-_17_-_La_tapa_del_domingo.mp3
59,Origin of water,7,1,https://res.cloudinary.com/davidhu2000/video/upload/v1484895786/nheap/flying_and_the_silence/Nheap_-_10_-_Recurring_dream.mp3
60,Primary colors,7,2,https://res.cloudinary.com/davidhu2000/video/upload/v1484895787/nheap/flying_and_the_silence/Nheap_-_09_-_Two_types_of_awakenings.mp3
61,Half-asleep,7,3,https://res.cloudinary.com/davidhu2000/video/upload/v1484895786/nheap/flying_and_the_silence/Nheap_-_08_-_Lost_in_a_leaf.mp3
62,Wandering,7,4,https://res.cloudinary.com/davidhu2000/video/upload/v1484895785/nheap/flying_and_the_silence/Nheap_-_07_-_Between_the_trees.mp3
63,Expressionism at night,7,5,https://res.cloudinary.com/davidhu2000/video/upload/v1484895784/nheap/flying_and_the_silence/Nheap_-_06_-_Flying_and_the_silence.mp3
64,Flying and the silence,7,6,https://res.cloudinary.com/davidhu2000/video/upload/v1484895783/nheap/flying_and_the_silence/Nheap_-_05_-_Expressionism_at_night.mp3
65,Between the trees,7,7,https://res.cloudinary.com/davidhu2000/video/upload/v1484895784/nheap/flying_and_the_silence/Nheap_-_04_-_Wandering.mp3
66,Lost in a leaf,7,8,https://res.cloudinary.com/davidhu2000/video/upload/v1484895783/nheap/flying_and_the_silence/Nheap_-_03_-_Half-asleep.mp3
67,Two types of awakenings,7,9,https://res.cloudinary.com/davidhu2000/video/upload/v1484895783/nheap/flying_and_the_silence/Nheap_-_02_-_Primary_colors.mp3
68,Recurring dream,7,10,https://res.cloudinary.com/davidhu2000/video/upload/v1484895782/nheap/flying_and_the_silence/Nheap_-_01_-_Origin_of_water.mp3
69,Gradients,8,1,https://res.cloudinary.com/davidhu2000/video/upload/v1484896088/nheap/clouds_under_the_table/Nheap_-_01_-_Gradients.mp3
70,5_March,8,2,https://res.cloudinary.com/davidhu2000/video/upload/v1484896090/nheap/clouds_under_the_table/Nheap_-_02_-_5_March.mp3
71,The Snow That Never Falls Down,8,3,https://res.cloudinary.com/davidhu2000/video/upload/v1484896090/nheap/clouds_under_the_table/Nheap_-_03_-_The_Snow_That_Never_Falls_Down.mp3
72,Daily Improvisation,8,4,https://res.cloudinary.com/davidhu2000/video/upload/v1484896089/nheap/clouds_under_the_table/Nheap_-_04_-_Daily_Improvisation.mp3
73,Clouds Under The Table,8,5,https://res.cloudinary.com/davidhu2000/video/upload/v1484896090/nheap/clouds_under_the_table/Nheap_-_05_-_Clouds_Under_The_Table.mp3
74,Sands,8,6,https://res.cloudinary.com/davidhu2000/video/upload/v1484896090/nheap/clouds_under_the_table/Nheap_-_06_-_Sands.mp3
75,Crossings,8,7,https://res.cloudinary.com/davidhu2000/video/upload/v1484896091/nheap/clouds_under_the_table/Nheap_-_07_-_Crossings.mp3
76,Rides,8,8,https://res.cloudinary.com/davidhu2000/video/upload/v1484896090/nheap/clouds_under_the_table/Nheap_-_08_-_Rides.mp3
77,Surf's Up And So Are You,9,1,https://res.cloudinary.com/davidhu2000/video/upload/v1484896523/the_carmines/older_fatter_wilder/The_Carmines_-_01_-_Surfs_Up_And_So_Are_You.mp3
78,Nothin' On The Radio,9,2,https://res.cloudinary.com/davidhu2000/video/upload/v1484896523/the_carmines/older_fatter_wilder/The_Carmines_-_02_-_Nothin_On_The_Radio.mp3
79,She's Breakin' Up,9,3,https://res.cloudinary.com/davidhu2000/video/upload/v1484896523/the_carmines/older_fatter_wilder/The_Carmines_-_03_-_Shes_Breakin_Up.mp3
80,It's You,9,4,https://res.cloudinary.com/davidhu2000/video/upload/v1484896523/the_carmines/older_fatter_wilder/The_Carmines_-_04_-_Its_You.mp3
81,Helpless Over You,9,5,https://res.cloudinary.com/davidhu2000/video/upload/v1484896523/the_carmines/older_fatter_wilder/The_Carmines_-_05_-_Helpless_Over_You.mp3
82,She Forgot My Name,9,6,https://res.cloudinary.com/davidhu2000/video/upload/v1484896523/the_carmines/older_fatter_wilder/The_Carmines_-_06_-_She_Forgot_My_Name.mp3
83,No More Patty,9,7,https://res.cloudinary.com/davidhu2000/video/upload/v1484896524/the_carmines/older_fatter_wilder/The_Carmines_-_07_-_No_More_Patty.mp3
84,Goodbye To Me And You,9,8,https://res.cloudinary.com/davidhu2000/video/upload/v1484896524/the_carmines/older_fatter_wilder/The_Carmines_-_08_-_Goodbye_To_Me_And_You.mp3
85,I Wanna Go To The Sock Hop,9,9,https://res.cloudinary.com/davidhu2000/video/upload/v1484896524/the_carmines/older_fatter_wilder/The_Carmines_-_09_-_I_Wanna_Go_To_The_Sock_Hop.mp3
86,Sleepwalkin',9,10,https://res.cloudinary.com/davidhu2000/video/upload/v1484896524/the_carmines/older_fatter_wilder/The_Carmines_-_10_-_Sleepwalkin.mp3
87,Time Travel (Feat. Blanchard De Wave),10,1,https://res.cloudinary.com/davidhu2000/video/upload/v1484927728/jasmine_jordan/time_travel_ep/Jasmine_Jordan_-_02_-_Time_Travel_Feat_Blanchard_De_Wave.mp3
88,Closer,10,2,https://res.cloudinary.com/davidhu2000/video/upload/v1484927728/jasmine_jordan/time_travel_ep/Jasmine_Jordan_-_03_-_Closer.mp3
89,Best I Can (Feat. Habit Blcx),10,3,https://res.cloudinary.com/davidhu2000/video/upload/v1484927728/jasmine_jordan/time_travel_ep/Jasmine_Jordan_-_04_-_Best_I_Can_Feat_Habit_Blcx.mp3
90,Soft Call,11,1,https://res.cloudinary.com/davidhu2000/video/upload/v1484928002/Aglow_Hollow/Stunted_Psalms/aglow_hollow_-_01_-_Soft_Call.mp3
91,Two Loves Long,11,2,http://res.cloudinary.com/davidhu2000/video/upload/v1484928003/Aglow_Hollow/Stunted_Psalms/aglow_hollow_-_02_-_Two_Loves_Long.mp3
92,Browulf,11,3,https://res.cloudinary.com/davidhu2000/video/upload/v1484928003/Aglow_Hollow/Stunted_Psalms/aglow_hollow_-_03_-_Browulf.mp3
93,Slow Heel,11,4,https://res.cloudinary.com/davidhu2000/video/upload/v1484928003/Aglow_Hollow/Stunted_Psalms/aglow_hollow_-_04_-_Slow_Heel.mp3
94,Left Jersey,12,1,https://res.cloudinary.com/davidhu2000/video/upload/v1484928158/Aglow_Hollow/Sacred_Clowns_Secret_Handshakes/Aglow_Hollow_-_01_-_Left_Jersey.mp3
95,Shimmering Saints,12,2,https://res.cloudinary.com/davidhu2000/video/upload/v1484928158/Aglow_Hollow/Sacred_Clowns_Secret_Handshakes/Aglow_Hollow_-_02_-_Shimmering_Saints.mp3
96,Cheap for Free,12,3,https://res.cloudinary.com/davidhu2000/video/upload/v1484928159/Aglow_Hollow/Sacred_Clowns_Secret_Handshakes/Aglow_Hollow_-_03_-_Cheap_for_Free.mp3
97,She is Good to Me and I will Always Take Good Care of Her,12,4,https://res.cloudinary.com/davidhu2000/video/upload/v1484928159/Aglow_Hollow/Sacred_Clowns_Secret_Handshakes/Aglow_Hollow_-_04_-_She_is_Good_to_Me_and_I_will_Always_Take_Good_Care_of_Her.mp3
98,sonic maps and pictographs,13,1,https://res.cloudinary.com/davidhu2000/video/upload/v1484928368/Aglow_Hollow/Sonic_Maps_and_Pictographs/Aglow_Hollow_-_01_-_sonic_maps_and_pictographs.mp3
99,An Honest Deceiver,13,2,https://res.cloudinary.com/davidhu2000/video/upload/v1484928369/Aglow_Hollow/Sonic_Maps_and_Pictographs/Aglow_Hollow_-_03_-_An_Honest_Deceiver.mp3
100,DR0135,13,3,https://res.cloudinary.com/davidhu2000/video/upload/v1484928368/Aglow_Hollow/Sonic_Maps_and_Pictographs/Aglow_Hollow_-_04_-_DR0135.mp3
101,missed Hendrix,13,4,https://res.cloudinary.com/davidhu2000/video/upload/v1484928369/Aglow_Hollow/Sonic_Maps_and_Pictographs/Aglow_Hollow_-_05_-_missed_Hendrix.mp3
102,0.5 ascension,13,5,https://res.cloudinary.com/davidhu2000/video/upload/v1484928369/Aglow_Hollow/Sonic_Maps_and_Pictographs/Aglow_Hollow_-_06_-_05_ascension.mp3
103,Friedrich & John,14,1,https://res.cloudinary.com/davidhu2000/video/upload/v1484928648/Jan_M%C3%B6rgenson/studio/Jan_Mrgenson_-_01_-_Friedrich__John.mp3
104,Sierra Verde,14,2,https://res.cloudinary.com/davidhu2000/video/upload/v1484928649/Jan_M%C3%B6rgenson/studio/Jan_Mrgenson_-_02_-_Sierra_Verde.mp3
105,Concatenation,14,3,https://res.cloudinary.com/davidhu2000/video/upload/v1484928650/Jan_M%C3%B6rgenson/studio/Jan_Mrgenson_-_03_-_Concatenation.mp3
106,stars & satellites,15,1,https://res.cloudinary.com/davidhu2000/video/upload/v1484928809/simon_mathewson/instrumental_2/simon_mathewson_-_01_-_stars__satellites.mp3
107,Uneven Spiral,15,2,https://res.cloudinary.com/davidhu2000/video/upload/v1484928807/simon_mathewson/instrumental_2/simon_mathewson_-_02_-_Uneven_Spiral.mp3
108,Sonar,15,3,https://res.cloudinary.com/davidhu2000/video/upload/v1484928808/simon_mathewson/instrumental_2/simon_mathewson_-_03_-_Sonar.mp3
109,Tanzmusik,15,4,https://res.cloudinary.com/davidhu2000/video/upload/v1484928809/simon_mathewson/instrumental_2/simon_mathewson_-_04_-_Tanzmusik.mp3
110,In Wonder ,15,5,https://res.cloudinary.com/davidhu2000/video/upload/v1484928809/simon_mathewson/instrumental_2/simon_mathewson_-_05_-_In_Wonder.mp3
111,construction,15,6,https://res.cloudinary.com/davidhu2000/video/upload/v1484928808/simon_mathewson/instrumental_2/simon_mathewson_-_06_-_construction.mp3
112,bossa nova,15,7,https://res.cloudinary.com/davidhu2000/video/upload/v1484928809/simon_mathewson/instrumental_2/simon_mathewson_-_07_-_bossa_nova.mp3
113,apex,15,8,https://res.cloudinary.com/davidhu2000/video/upload/v1484928810/simon_mathewson/instrumental_2/simon_mathewson_-_08_-_apex.mp3
114,Alternate Steps,15,9,https://res.cloudinary.com/davidhu2000/video/upload/v1484928812/simon_mathewson/instrumental_2/simon_mathewson_-_09_-_Alternate_Steps.mp3
115,A Mist On Hinksey Stream,16,1,https://res.cloudinary.com/davidhu2000/video/upload/v1484945975/axletree/hengestesige_ep/Axletree_-_01_-_A_Mist_On_Hinksey_Stream.mp3
116,The Curious Roe,16,2,https://res.cloudinary.com/davidhu2000/video/upload/v1484945944/axletree/hengestesige_ep/Axletree_-_02_-_The_Curious_Roe.mp3
117,The Snail and the Mistle Thrush,16,3,https://res.cloudinary.com/davidhu2000/video/upload/v1484945963/axletree/hengestesige_ep/Axletree_-_03_-_The_Snail_and_the_Mistle_Thrush.mp3
118,SGONS,17,1,https://res.cloudinary.com/davidhu2000/video/upload/v1484946139/pipe_choir/Pipe_Choir_-_Through_The_Storm.mp3
119,The Glow,18,1,https://res.cloudinary.com/davidhu2000/video/upload/v1484947425/tri_tachyon/the_warbird_ep/Tri-Tachyon_-_01_-_The_Glow.mp3
120,Tannhauser Gate,18,2,https://res.cloudinary.com/davidhu2000/video/upload/v1484947417/tri_tachyon/the_warbird_ep/Tri-Tachyon_-_02_-_Tannhauser_Gate.mp3
121,Edge of the Wastelands,18,3,https://res.cloudinary.com/davidhu2000/video/upload/v1484947439/tri_tachyon/the_warbird_ep/Tri-Tachyon_-_03_-_Edge_of_the_Wastelands.mp3
122,Gardarike,18,4,https://res.cloudinary.com/davidhu2000/video/upload/v1484947431/tri_tachyon/the_warbird_ep/Tri-Tachyon_-_04_-_Gardarike.mp3
123,The Warbird,18,5,https://res.cloudinary.com/davidhu2000/video/upload/v1484947315/tri_tachyon/the_warbird_ep/Tri-Tachyon_-_05_-_The_Warbird.mp3
124,Circles,19,1,https://res.cloudinary.com/davidhu2000/video/upload/v1484947699/she_wolf/circles_ep/She-Wolf_-_01_-_Circles.mp3
125,Far away,19,2,https://res.cloudinary.com/davidhu2000/video/upload/v1484947717/she_wolf/circles_ep/She-Wolf_-_02_-_Far_away.mp3
126,Lights off,19,3,https://res.cloudinary.com/davidhu2000/video/upload/v1484947714/she_wolf/circles_ep/She-Wolf_-_03_-_Lights_off.mp3
127,Easter Island,20,1,https://res.cloudinary.com/davidhu2000/video/upload/v1484948825/lonely_punk/instrumentals_ep/Lonely_Punk_-_01_-_Easter_Island.mp3
128,Joika,20,2,https://res.cloudinary.com/davidhu2000/video/upload/v1484948746/lonely_punk/instrumentals_ep/Lonely_Punk_-_02_-_Joika.mp3
129,Left The Building,20,3,https://res.cloudinary.com/davidhu2000/video/upload/v1484948823/lonely_punk/instrumentals_ep/Lonely_Punk_-_03_-_Left_The_Building.mp3
130,Not So Final Countdown,20,4,https://res.cloudinary.com/davidhu2000/video/upload/v1484948820/lonely_punk/instrumentals_ep/Lonely_Punk_-_04_-_Not_So_Final_Countdown.mp3
131,The Sun Goes Down,21,1,https://res.cloudinary.com/davidhu2000/video/upload/v1484949759/sahara_sky/escapism_ep/Sahara_Sky_-_01_-_The_Sun_Goes_Down.mp3
132,Heaven's Night,21,2,https://res.cloudinary.com/davidhu2000/video/upload/v1484949799/sahara_sky/escapism_ep/Sahara_Sky_-_02_-_Heavens_Night.mp3
133,Blue Map,21,3,https://res.cloudinary.com/davidhu2000/video/upload/v1484949798/sahara_sky/escapism_ep/Sahara_Sky_-_03_-_Blue_Map.mp3
134,Scorpion,21,4,https://res.cloudinary.com/davidhu2000/video/upload/v1484949738/sahara_sky/escapism_ep/Sahara_Sky_-_04_-_Scorpion.mp3
135,Which Way to Morocco,21,5,https://res.cloudinary.com/davidhu2000/video/upload/v1484949753/sahara_sky/escapism_ep/Sahara_Sky_-_05_-_Which_Way_to_Morocco.mp3